{"cameraMode":{"drawMode":0,"name":"Shaded","section":"Shading Mode"},"sceneLighting":true,"audioPlay":false,"sceneViewState":{"showFog":true,"showMaterialUpdate":false,"showSkybox":true,"showFlares":true,"showImageEffects":true,"showParticleSystems":true},"in2DMode":false,"pivot":{"x":1.232154130935669,"y":4.97749137878418,"z":-23.390235900878908},"rotation":{"x":0.11106886714696884,"y":-0.01608240231871605,"z":0.0018655856838449836,"w":0.9937165379524231},"size":-8.181119918823243,"orthographic":false}